{"loss": [0.0007809381349943578, 0.0006824405863881111, 0.000674117065500468], "mae": [0.019003186374902725, 0.016950739547610283, 0.016715487465262413], "rmse": [0.046568430960178375, 0.04295901954174042, 0.04269016161561012], "val_loss": [0.0007696160464547575, 0.0007533907773904502, 0.0007886606617830694], "val_mae": [0.019639812409877777, 0.01904824934899807, 0.019947700202465057], "val_rmse": [0.04432438313961029, 0.04359745606780052, 0.04423363879323006]}