{"final_val_mae": 0.018767107278108597, "final_val_rmse": 0.04375569522380829}